name,id,accountId
"kprronny","nvBnjqVB6Whoi3MPt6Z-Nf9vkbRh1J7uo2kUQf1Xd62FbFs","6u_c4vAyX-8jtDfSrvsogmPiH_jJtD-bMQD-cP7BCMmnJA"
"NeverLucky7","yL9Rk_9BIa6_Uhf60AR05vjhBuCVyp6pcbD2JMizl7T20_8","jfB_uPPaSBr1afQ2v1ndl-L4xb_CRnVGnIsVbOmOJCZlJKM"
"CastroDistrict","92fQcqVi7z9IyXayEUI149MueKp8wJX95uasmK5hyWzO9Oo","dSiv46QeWwFOPUNtrBFSwz_EaxwfJUpxChCcqnX5lHkDzkg"
"Roadie123","kYDANE_PW9TMxhLqEhhdyQsd-O6XF10Z84-dBelgAkowcfQ","O9gljuM7ZBA2lXMn4I9XzjLArpvmj5H5-tl4rBeurSY1XA"
"Marlodox","l_NhghWWOpGkG3Q-PzcTb63HTAKR4TG8e0j9SlEiVurkNXY","gH_DXn9RJzXHvBpKElWT2xG65RUYwCWiB1OpDNRrH_zrpfc"
"Tom Ford Fish","b2LMblvNllzTsgdgNBcMXNBTdAaQ4guhNs6voqWxr16ZEpo","JwlBBPTQodu9bBrvBAuXqpqeT_upr_GLbuT6HMc1QD-pUbw"
"Wolfeye1","OTpLQG6nv3JCDTea1WCu1YcLhBGsVGzIOSGS4zgxKUYPYb8","DteMXEO5eOL1eySvoLLrZuhd_GrA-f6ApXzeF91E4yY73g0"
"TSM Smurfit No","2ISPM2spbR69WtY4uR8855tSxLfP_RsxQmvleLWUTrbGRyk","AaEsZnci89T3hZkpUnGoRFsswsHKs4OqpYBl6l57JTubwQg"
"XXSSXX2020","Acf8cEP6rX1377iOfexTT7ZJ-pGLT5cpX9Wx54qJwg4xiKE","t4SNxRsHMH0liujzN4paV0bQP1qKXiKeL9bu8IrVSVucGStFsusbgFLz"
"Latnepyt ","6P1I4zNA4vFdbwbTaQDx-xMc4sQ_DMWOLsVCdXm-Bvkc5ZM","LNQYBk9g4UuCoIW6K_g6KcehylYgGcCJsVFcdIRnMUTi494"
"ReeK GreyJoy","aipWB0Hq2RneXeBb64aulBnv9L5rmDji4C5Mgdkjwn3v","c2U4NtCKS0k-7ZrQjARttK3j-fetN9a-0p1kc7cbnag"
"waqardds1","SiaOdfOhYM3Md5kQc3n8u-olNgDARne2bKZYJ6v06FVqLA0","Xr1DKN-ZphlbJyHFbWGGOsRX_PtrzyGibt3Cnx6ebysiao4"
"screwWOW","B0xnchWpvADBeEfp39jfM1Izd1EGt4xctXtldesfqJWXHAw","ZTtuWrQCQgMui-3ktJyNbIchWx2V5fTxhsEE1wOlcgdZbQ"
"Waltzing Matilda","QgqyJATGix-bzRnj7-ESwJLrUd0T1ioQZ-ut42DMawxT5GY","JNjJ2fNFzH7UBOxwBcvn9OuL3Nzn1F_WOQ6gxjLkyFQHGpg"
"baby octopus","Scm31j_v6A790AbEb_JCBW9cmaD_XjSne5qGXUEmAOs_-Us","k0QS4CTAjhoM5Wox0P3kBWtRO5JDiLephYIsj6x7gi3KM3g"
"jiij2002","4v7ZLJS7Nzv5CCoVKfeIobduBSe2sJjXun-ymV5rNTsxa1M","8s13efkQMwjM2qak39qhUCHnKdUY85MtqV8J72PF8VCDJg0"
"MasterJAACK","dv1Gtbh6tVMEQ0_6w3nF9OzVlzWV25PIhGYPqVanp21ugzI","ip13OW1rIMEJ8KIX5qjRJ7gc1mX2XYAitNg078v3v35WHdd5nrCBKGet"
"BEST ADC IN USA","OJNDM6BCgF2s30a8aDHyC7hnzLBu9c9O7PCgzCq8VbU2Dfw","BtG6akxzHBUR3WUQBo1ppPU7FbFAQWa0lLagORjD1ZFTN44"
"Guntrik","fy3nlRj7g1OlJaJ5TauBy5uMQ3dJ8FhyxYYfMmQc-9o","wwZEhnJguJHWpUALNvxpVc_SSpJV-MlkKDqbAzlaxg"
"Idiots","6ppX4XkSnKgVZotKXM7aE9-M5xjepxVSVracsA2NptW9Vho","7LoXyPK2ci3WHf1xkK4nZqLtMalQjkGFytsk3URJt3sLtg"
"nCpSWordsworth","L7ukEInNPQklftkgddrqywrU7QMKK1imilEUzrr1UHLzfDmj","xSDVBpUGrsndd9M4hErXpnoXArKFmuOk3yENdDxqoRb7h5AbmwXREbcP"
"RawDog0rNawDog","fB1ziZRVRJ_PCgIG_LbymBYMQJfVZgikAOFe5rvmIqhpGUo","vDeyXrM_EeM_tTJPxu5cIAwAGN1W_ly4Guabzjw1rBUpj04"
"ismoked ajeffry","zWpDmVgbiSRNlTKF6WHgP7UjGw8h1bJRzi35NiINJI689Wg","u8Rst56k95xpoyS_kdYXqnX6fcOiDIoCe9eJTkA5O4DAcwg"
"Forever TnT","WuO4cnNMspDQnMIjMnUWZ33yGjsCriXHYa1GEw-tfpNjiuE","W_rR3h0l7qZKrSf_MQ2QeCAhON7qNYm6XAt6h_H-oJBHeTw"
"FalkoPunch","uGFR_dcR8yYgK6V2QFTqpeg6OOHsSehK10VdAH3HM52TZOIz","GFnmab4KOCY0vd9TDuwo78ejpmogaeL2_XMBEHAJc52Nvdso_-ZfTTsM"
"sry 4 existing","CXNdUja0W4xqeMPojAOsmU-IsdFbIDJpRB1kwalUrK3Mi0E","RnHsKZw-YnkUHsmPuV7GB9fy6bV_fpJHxI7-9vcfN5E4rNo"
"Zeds Mia","wT1JIJ2thsdOqKNrgZRvE2NExtiNpKZBrOIbVyVbNg4tE74","wypme3tUDCRQJbz0ERKhYIG3fzNZPcxiMoROb2ZlINaqtjs"
"SexyAspi","jaZW-o0unCLpleJ_gO2cFdNNKj7955bd6Gk6kd7veyAa80c","qmqf_UcVqbS9bnJxhZqjD8e0wf5aaVFZTL3xTI7VxgiTTQ"
"Athös","hShhyiA73jT9vNjHuwMLIKiZWLiGLnOng754c_aKCDeYcP8","figwQVrU1IDKxpRJu6Q34hXUWpzrmdUVP06fuubeKo0JFQ"
"Balabalaboooom","L43DMj6jw1NF1TdLpT-e0hGTBuvYLJfU2gZmDf-1sCxNMUw","cSA5qJDbh5QazPOR_N4JqWhCBJAUhUvMiaUOBt1t9oHqoVA"
"LeetTron5000","BrhqnpqvbqFJ_qev-9Ma-Y0CknFdJ7sz-266xeynd3H431c","qmhMyl2em7fJhHgVNOwr_CyeVklwJHsfNhgnanpSrzcL-w"
"hohowawa","Y2x0R5b3kHnOXA1SPEnwbLTWI2YDeYTJxwEazovFaZBKaME","bOuuym_E6cjdFeevUooOay8JazXvCrfI4vInGVyEB8MB_g"
"TeLaDejeAdentro","5cHFAiQkJjNZax4kFeLF0agQ8VFVKLN5Y2XaiMIdmNnlJAA","BVZhZBllBgZHNmp-CN3qbYCVdoJjAY_7vz6ayi5qSvCW_c8"
"dotSmoke","xYTS3cCIX8314a2kSoQQ5NYB7x0uu0CZMw6PIqgbklVfku8","u0Y8gfewCTEXntqGXxqIdkOKTlA6Ffh_t4Vqf2zxpEjjCA"
"adwffgaggas","I78qS_u37Pdzjqw8CS0cdK9E0hz7w0p13suHxh14beIK1qI","w9vBtLdulkMSA4ctVh0QvNzkV8JkE_iLeToV6TaRxW8bwEXtHcKxtDm7"
"DishonestCake","Gxtx8O1jri4x-z5kjtY8SdPT6in6mqChtGVsaWcvoDghhoo","jl3jYM7KrFKszX0CZ0cU-9gFTW628gZsimZEgucYeBzgrA"
"Mesmik","W4NVSXwqu4A2nuF6ngEEFpcqUtkylaoG5mcr41on2fZLS-k","t4U08hWMiVb-c-q3Djp-mlfdb4bygnGT5gkMG1YQ-ZPqlzg"
"Stuwatle","xBC8pcxQEiK7HKMyKaa-Wvm5eN9iBw_OXoscXHUczf8vjGw","1TfIo1lvTyaBgoe1Q5njNluSy7HEEBEumeWCvga3kRIN8LQ"
"dopeytoaster","97G3Rbg9nwBGxyjOtSd3Ga42wIjiDv2obGjbsWghlWNhFkM","q6mHTfosu0E4WYQbXyMuZXnWaTttMoTxUpZwWnL_3SZ78X8"
"Ginger Nooblord","lUoQcdH0EyW31_ffy9kAyy7R5gcrZAUJ3uLQxuAvmSlbXNs","fEcQzLpoPlS-0fZGfevnAkk4A-4e4GgWXEPr_yaVQJTR_2Q"
"Berth","c56wt0Sk18krjP5ufGB0dGFHmD4RURsdu5AZ4d8xLPK7","hh1dODvGGX87HAiNztTi-ESyjW0gOQ-jKOSNhfv8RosMsQ"
"A1KKK","hTxOv82UuRD6xkO-Ktryvo_p7ocFKnKhVOmMJ4_6O_AAejs","NLFwW1JG8xYsfeYEor8CbzFryZQQSsbGrsbMrPkI3q5vIms"
"XiNWk","zrgUj9IDXNVmJXwu93zLvusZfXZS20BTyB3VumugYcq0CIE","Hzoqoykp-6Uzawgm6CD5mQJ6iQFrvHEYFVaX5ByqbvZp6dI"
"Leonardoyyz","FV2Pl77nJ8gcrQycex3Hhv1mp5pO2YQus1Vs7H31W2cTCuU","GL5b40o9PkTG_amUG3ThXK3c8eTxv8VVbW9aoOexRoM6B-Y"
"THE1ACE55","WpuVGBawGxmE4NaqGpTfZ8Ky7bGuj2Ym6It_d-wb53sv3pQ","X5dxXSRag3Pe_BSxBE5Y7WL9J5ZPrcgv4lkKDYw3CPLBwQ"
"SnowmanOrJimmy","pX2IHQAYv_ApI0nSz56SuctCWPPV5qNr9I0qW4g5soG3RPI","hnfpd2v_5Zz9b462O4LeWxxqrwJj7bJhP84kFV_XmfIX3jw"
"riftsnip3r","58wESpb9sNKmJH8r58uOAEA3xN1ah9AHos8HB9IXalo1UdY","4GBFrFRnpUQfaKsEl6-JGXwF_eMdcH_yvsp848EzcOZJ_Fk"
"Dovaaa","rJqUjiyBTe9QeCmjVVq66EThGMLYnU1ePJVHfTj12ln1xLw","0XG2yfZR5bQ83rYrdOQ4fBXRbBeMSEDjBVj0m9lREEfjp30"
"Wretched Spirit","dpqwioYTWWXVjNctTjARJp02_7Musqf6SwcUpDBjQI3OJj8","BGzk8Ueh5DXK7XjMLvRGcV7EWndiODFLHd_HvSqVcLVCspI"
"DMG Raiden","WIHnYf4-yxZspZlWB5MBlM5uesRplRBoaQ354OVlbF244X0","6MdbgHXwmLm6IZ-tmKOfE8qLWH-7RzCpM1sgxFWI0CCuCIk"
"DefinitelyNotTae","vNefoN4G_ekzYnQ8tgTNS0EYRJOX59bv2JbWQ9Rao0chfeg","E64UYFKl1OyrDQYwn30KXbLHk_VAPfgHxIiHI2bPIEaYMg"
"Ahriã","w-jVM9a4M63sNaBihfDLMpZ4QyPerDUgcCvhjBweeitN7h4","jjhnq54Yqho7rQYK2HOBd-a3g-lqbLbB2xdF9PdRjxhO_w"
"point001","GsNSbdfx9Y4Sn6s151BqPwWIFOvoVpguw1wi6v1nvk9Dev4","ziEvDFSb7NTb2aTI_k1rthFBhgs8V0f3yrTxWdqP4kfF1w"
"sideout","krZkrB5Q8WQg26VkOWkgOxnulc6u9oO6fEaUzlBgZ61r","0N9-Zj0lSoDwOcfal4nOpEJY5vFN4ZOTvfLMzEudkeU"
"MyBigisDik","5uUjN4FFVj5yLx2iPLcfdmw2wMnWtW1pIgtXYAKtCouR3Qk","JnSfXcnisx6k23cseL6hG4NmGFQaLSFFrZC4SoWP0DJS1yU"
"Kyran","O2rSFXuxXla36SVx_g7YZMsLALxJm_IyaglhmW3a_7S8DSg","oycNt0N1xX8qi6RzNgub0EMNIkwvZv0b1EbtCIfmxEBYwVw"
"Kage  Jutsu","rGPBXMoeU6-6UqT_FmTYklzqsdythMx8CeV3sGcoAT6htJg","Yv8ZEzzs-xT_Zta42WGryg7Vhkh9sQHsdSx12osuhCAoFVw"
"Fartnite","ECXwMsRhC6ixg0Dk-qygJYGl99gmGYE-Cc3S54geJE1cU8o","f2yhooHNU2Pb7hyvdwYit_SlBIJP8ieBgLxZcuDrKOE8HBg"
"Nayeon33","kfYI2BrhXQtk82lWMBb1famipHtGu_MkX4el3qJdyZCOuPQ","U5myII3Z6SYJBSraF11pB13i_E6fgID8P5BzE5wXMbzLWCQ"
"The Arab","HBizJgjLM0HBcbpEVWXRwQ-v4XDLHrGM6HGotgIMgbN9RVY","KH_E17e57UX-7q4dzdGozHnnyH5IM_AGXw3QHUuST4QyQA"
"Pankakku","Tj8rT6LTeceKqD6ZjXFC0AOgaanuNS1Wn5-qdC8q4bMhBec","ng2Z4Mdxw39gj2_nOnoLvohKQwWzu2ai8zK26ybhF40PDg"
"Fartbox Mcpooper","oeK2lLU_Hwkj06G_xioYAobepHQpbIGOurAix9pzEsYc4mI","apBKwFcXESnf_O_iJL0BguBn5uW8VwK7j7oHX5bIZ637Xw"
"SlipSide","aNA_HAl7X1ItUoWBXgBCBKlGZXHNIrPThqM0GifbRfKGcFg","Ut7F0fIJcWTws5TDlAkCCbOd5DPIYc1PTCJKREUkG4JKig"
"ReFlex2","1gGvfGPG17UHGS4AiB3IwurQP438ohvHhoAJj0N6A3fQYgE","RUi26oas1qijcciQ_if0QflHjNYcWJcqmJH_efCiQlA8UA"
"dav5","0vA2vYBl4J5F54kQpoOa4w6tLWiTGxGbfKUeyuTWSuR_naE","PQf8nsz7Yx_Qy5Ujrp7k8PcTs_vJlb6lumhKa8T07gEzbw"
"EverFrost7","KCugzp4DaxXDerLyUz-NjjkOyxzSPOd-7WnAi9cr2SHcguI","XftYvMCRGkUimqHgMqd8tKxSB0aUhAtOxeMZ_Y_DtYvMF_5arRh26R6d"
"Fading Legend","X5YGx9CfHCYZrJRWrK_BtWzQ0EuhfmGFEgPSb-lxTmvo-Wo","jeIs8dc9VPp5vtw4k6b4MJEYgETnAV1AZrD_qd8_iCR4PLI"
"greatpower20","7UL6A1gDavUW1U8Zv0i_QpZbUcdjcoQOGDMMQRYxGimn-Tc","qxTAtZG-dB4w8s5LYHmX_n1VfggW2FiENHWeJg1D963U7Q"
"Lapitz","sGxqI_WIJuqzzI5lS0aXXCDgQ4Jvgjux7jRn3lHIvUFJG-c","wMkSo6YBkJM8BOjCreYTTQ7iKQO5EBD0h2w1Eb8Elj2PQQ"
"Shiftplays","D-8pGZw104zPn8q7UhxEtuGHitO-S-FGDN5Ch2pQqaAx2_Y","zvtV2ITa_B--N--Mw1uG3nvvige2r_78WAcMUNmaLwLJzsc"
"killnevst","cAqzA-YI-sfro4gPhQfcnFeIJpKg3acRa3NwjxOpiRSAY90","AdIUk_-6WkXr3medT8Vv6Or3l8xJUmh49h-ouqv_EGd373w"
"X FING","Yi7a0uCnot0JmzJu7S3GyVT2ISCXHCytgXDZkzMvijr-T_8","00X09jj1MOF6pVKNJ_EjdO02cu5JCP1V7_Gu3gPGc1jdv3E"
